donation_needs_or_offers_or_volunteering_services,'503643124787609600'
donation_needs_or_offers_or_volunteering_services,'503643130059829248'
donation_needs_or_offers_or_volunteering_services,'503643166453825537'
donation_needs_or_offers_or_volunteering_services,'503643181620015104'
donation_needs_or_offers_or_volunteering_services,'503643210288496643'
donation_needs_or_offers_or_volunteering_services,'503643222598356992'
donation_needs_or_offers_or_volunteering_services,'503643291150458880'
donation_needs_or_offers_or_volunteering_services,'503643293406609409'
donation_needs_or_offers_or_volunteering_services,'503643362658750464'
donation_needs_or_offers_or_volunteering_services,'503643467134664704'
donation_needs_or_offers_or_volunteering_services,'503643486956957697'
donation_needs_or_offers_or_volunteering_services,'503643490967109632'
donation_needs_or_offers_or_volunteering_services,'503643491852111872'
donation_needs_or_offers_or_volunteering_services,'503643497703153664'
donation_needs_or_offers_or_volunteering_services,'503643507865968641'
donation_needs_or_offers_or_volunteering_services,'503643515738673152'
donation_needs_or_offers_or_volunteering_services,'503643523296821248'
donation_needs_or_offers_or_volunteering_services,'503643541776908288'
donation_needs_or_offers_or_volunteering_services,'503643616045436930'
donation_needs_or_offers_or_volunteering_services,'503643755560185856'
donation_needs_or_offers_or_volunteering_services,'503643805061373952'
donation_needs_or_offers_or_volunteering_services,'503643820622622720'
donation_needs_or_offers_or_volunteering_services,'503643840121536514'
donation_needs_or_offers_or_volunteering_services,'503643902495031297'
donation_needs_or_offers_or_volunteering_services,'503643944530366464'
donation_needs_or_offers_or_volunteering_services,'503643954731294722'
donation_needs_or_offers_or_volunteering_services,'503643982031646720'
donation_needs_or_offers_or_volunteering_services,'503643984351088640'
donation_needs_or_offers_or_volunteering_services,'503643998297133057'
donation_needs_or_offers_or_volunteering_services,'503644039200407552'
donation_needs_or_offers_or_volunteering_services,'503644053720682497'
donation_needs_or_offers_or_volunteering_services,'503644119965900800'
donation_needs_or_offers_or_volunteering_services,'503644137267023872'
donation_needs_or_offers_or_volunteering_services,'503644228971290624'
donation_needs_or_offers_or_volunteering_services,'503644242741559296'
donation_needs_or_offers_or_volunteering_services,'503644248592220160'
donation_needs_or_offers_or_volunteering_services,'503644319728033792'
donation_needs_or_offers_or_volunteering_services,'503644352552660992'
donation_needs_or_offers_or_volunteering_services,'503644432797687808'
donation_needs_or_offers_or_volunteering_services,'503644496014213120'
donation_needs_or_offers_or_volunteering_services,'503644510728249344'
donation_needs_or_offers_or_volunteering_services,'503644565849374722'
donation_needs_or_offers_or_volunteering_services,'503644626813591552'
donation_needs_or_offers_or_volunteering_services,'503644654383153152'
donation_needs_or_offers_or_volunteering_services,'503644713761517568'
donation_needs_or_offers_or_volunteering_services,'503644727149723648'
donation_needs_or_offers_or_volunteering_services,'503644794959048704'
donation_needs_or_offers_or_volunteering_services,'503644837993021440'
donation_needs_or_offers_or_volunteering_services,'503644873111928833'
donation_needs_or_offers_or_volunteering_services,'503644909451358208'
donation_needs_or_offers_or_volunteering_services,'503644966024134660'
donation_needs_or_offers_or_volunteering_services,'503644966787108864'
donation_needs_or_offers_or_volunteering_services,'503644974131707904'
donation_needs_or_offers_or_volunteering_services,'503645008755687424'
donation_needs_or_offers_or_volunteering_services,'503645039726448640'
donation_needs_or_offers_or_volunteering_services,'503645097565495296'
donation_needs_or_offers_or_volunteering_services,'503645146844758016'
donation_needs_or_offers_or_volunteering_services,'503645197587070976'
donation_needs_or_offers_or_volunteering_services,'503645219917922304'
donation_needs_or_offers_or_volunteering_services,'503645245863903232'
donation_needs_or_offers_or_volunteering_services,'503645252956475393'
donation_needs_or_offers_or_volunteering_services,'503645256420569088'
donation_needs_or_offers_or_volunteering_services,'503645267464163328'
donation_needs_or_offers_or_volunteering_services,'503645287592652801'
donation_needs_or_offers_or_volunteering_services,'503645400079675392'
donation_needs_or_offers_or_volunteering_services,'503645430110900224'
donation_needs_or_offers_or_volunteering_services,'503645431490805760'
donation_needs_or_offers_or_volunteering_services,'503645437484494848'
donation_needs_or_offers_or_volunteering_services,'503645455415119872'
donation_needs_or_offers_or_volunteering_services,'503645461824036864'
donation_needs_or_offers_or_volunteering_services,'503645478127296512'
donation_needs_or_offers_or_volunteering_services,'503645478882250752'
donation_needs_or_offers_or_volunteering_services,'503645486390050816'
donation_needs_or_offers_or_volunteering_services,'503645515758583808'
donation_needs_or_offers_or_volunteering_services,'503645523950460929'
donation_needs_or_offers_or_volunteering_services,'503645546423537664'
donation_needs_or_offers_or_volunteering_services,'503645548793307136'
donation_needs_or_offers_or_volunteering_services,'503645568728449024'
donation_needs_or_offers_or_volunteering_services,'503645577419444224'
donation_needs_or_offers_or_volunteering_services,'503645593495814144'
donation_needs_or_offers_or_volunteering_services,'503645598105743360'
donation_needs_or_offers_or_volunteering_services,'503645546423537664'
donation_needs_or_offers_or_volunteering_services,'503645515758583808'
other_useful_information,'503642976422096896'
other_useful_information,'503642980881022976'
other_useful_information,'503642982189252608'
other_useful_information,'503642983666032640'
other_useful_information,'503642984429395968'
other_useful_information,'503642985431830528'
other_useful_information,'503642993677443072'
other_useful_information,'503642995879849985'
other_useful_information,'503642998664884225'
other_useful_information,'503643000913006593'
other_useful_information,'503643001722118144'
other_useful_information,'503643002875969536'
other_useful_information,'503643010127499264'
other_useful_information,'503643011990183936'
other_useful_information,'503643018906570752'
other_useful_information,'503643028591218688'
other_useful_information,'503643029559734272'
other_useful_information,'503643033280462848'
other_useful_information,'503643033905410048'
other_useful_information,'503643033909202947'
other_useful_information,'503643036996227073'
other_useful_information,'503643044642848768'
other_useful_information,'503643044827394048'
other_useful_information,'503643051378483200'
other_useful_information,'503643056567255040'
other_useful_information,'503643056629768192'
other_useful_information,'503643062715703296'
other_useful_information,'503643063529398272'
other_useful_information,'503643080005013505'
other_useful_information,'503643081871089664'
other_useful_information,'503643093589958657'
other_useful_information,'503643095204782081'
other_useful_information,'503643096567926784'
other_useful_information,'503643097293914112'
other_useful_information,'503643098891575296'
other_useful_information,'503643104709066752'
other_useful_information,'503643111206027264'
other_useful_information,'503643117308764160'
other_useful_information,'503643126141947904'
other_useful_information,'503643127132221440'
other_useful_information,'503643127253450753'
other_useful_information,'503643128931565568'
other_useful_information,'503643128994086912'
other_useful_information,'503643130923466753'
other_useful_information,'503643137835675648'
other_useful_information,'503643138674528256'
other_useful_information,'503643138968133632'
other_useful_information,'503643143729082369'
other_useful_information,'503643144991567872'
other_useful_information,'503643149374205952'
other_useful_information,'503643151970869249'
other_useful_information,'503643154797854720'
other_useful_information,'503643156941111296'
other_useful_information,'503643159088218112'
other_useful_information,'503643162515349505'
other_useful_information,'503643163857526784'
other_useful_information,'503643168941015040'
other_useful_information,'503643171352739842'
other_useful_information,'503643175550861314'
other_useful_information,'503643176272265216'
other_useful_information,'503643180412436480'
other_useful_information,'503643180508909570'
other_useful_information,'503643180756393984'
other_useful_information,'503643183675219968'
other_useful_information,'503643187798228992'
other_useful_information,'503643187802406912'
other_useful_information,'503643190054764544'
other_useful_information,'503643190675505153'
other_useful_information,'503643195897810944'
other_useful_information,'503643196111327232'
other_useful_information,'503643196945997825'
other_useful_information,'503643197294514176'
other_useful_information,'503643197969424384'
other_useful_information,'503643198116225024'
other_useful_information,'503643202403196929'
other_useful_information,'503643204865236992'
other_useful_information,'503643205879861250'
other_useful_information,'503643207486283776'
other_useful_information,'503643209151807490'
other_useful_information,'503643209894211587'
other_useful_information,'503643210330435584'
other_useful_information,'503643212108795904'
other_useful_information,'503643212112994305'
other_useful_information,'503643213979070465'
other_useful_information,'503643214834724864'
other_useful_information,'503643214943764480'
other_useful_information,'503643215950389249'
other_useful_information,'503643217514868736'
other_useful_information,'503643227858030593'
other_useful_information,'503643232266620929'
other_useful_information,'503643234498015232'
other_useful_information,'503643235265576960'
other_useful_information,'503643236217270274'
other_useful_information,'503643237022564352'
other_useful_information,'503643238574456832'
other_useful_information,'503643238712872961'
other_useful_information,'503643239782420480'
other_useful_information,'503643240000540672'
other_useful_information,'503643244337451008'
other_useful_information,'503643250842796032'
other_useful_information,'503643262541111296'
other_useful_information,'503643263018872832'
other_useful_information,'503643264348467200'
other_useful_information,'503643266907402240'
other_useful_information,'503643275266228224'
other_useful_information,'503643275643719680'
other_useful_information,'503643276499353600'
other_useful_information,'503643276654559233'
other_useful_information,'503643283294142464'
other_useful_information,'503643287954001920'
other_useful_information,'503643290307403776'
other_useful_information,'503643291167248384'
other_useful_information,'503643291758260224'
other_useful_information,'503643291859292161'
other_useful_information,'503643292505210880'
other_useful_information,'503643293176332289'
other_useful_information,'503643293880963072'
other_useful_information,'503643297685200896'
other_useful_information,'503643298310148097'
other_useful_information,'503643298657861632'
other_useful_information,'503643299329359872'
other_useful_information,'503643299996241920'
other_useful_information,'503643301535551490'
other_useful_information,'503643302130753536'
other_useful_information,'503643302915489795'
other_useful_information,'503643303490109440'
other_useful_information,'503643304039575552'
other_useful_information,'503643309190156288'
other_useful_information,'503643310557503488'
other_useful_information,'503643314424655872'
other_useful_information,'503643317855207424'
other_useful_information,'503643318560239616'
other_useful_information,'503643318937739265'
other_useful_information,'503643319713673217'
other_useful_information,'503643320405725184'
other_useful_information,'503643321823420416'
other_useful_information,'503643323844685825'
other_useful_information,'503643325761851392'
other_useful_information,'503643326789062657'
other_useful_information,'503643326990778368'
other_useful_information,'503643328320385025'
other_useful_information,'503643329922215937'
other_useful_information,'503643331080257537'
other_useful_information,'503643331281555456'
other_useful_information,'503643331696803840'
other_useful_information,'503643332015554560'
other_useful_information,'503643333470982144'
other_useful_information,'503643334280482816'
other_useful_information,'503643334938988544'
other_useful_information,'503643339392966657'
other_useful_information,'503643341880565760'
other_useful_information,'503643341905752064'
other_useful_information,'503643342195138563'
other_useful_information,'503643344653012992'
other_useful_information,'503643344791031808'
other_useful_information,'503643347807129602'
other_useful_information,'503643349119549440'
other_useful_information,'503643349224804353'
other_useful_information,'503643350701191168'
other_useful_information,'503643353863294976'
other_useful_information,'503643355310743552'
other_useful_information,'503643356715835392'
other_useful_information,'503643358284509184'
other_useful_information,'503643358934605824'
other_useful_information,'503643360469725184'
other_useful_information,'503643360557412352'
other_useful_information,'503643362030026754'
other_useful_information,'503643364265193472'
other_useful_information,'503643364286550017'
other_useful_information,'503643366580424704'
other_useful_information,'503643368237580288'
other_useful_information,'503643448092942337'
other_useful_information,'503643449279938561'
other_useful_information,'503643449988751361'
other_useful_information,'503643450034491392'
other_useful_information,'503643450680803328'
other_useful_information,'503643451490324480'
other_useful_information,'503643452140453889'
other_useful_information,'503643455734956032'
other_useful_information,'503643456133419008'
other_useful_information,'503643456489943040'
other_useful_information,'503643456900972544'
other_useful_information,'503643457186168832'
other_useful_information,'503643458033438720'
other_useful_information,'503643459379789825'
other_useful_information,'503643460101230594'
other_useful_information,'503643461405663232'
other_useful_information,'503643461602775040'
other_useful_information,'503643461690466304'
other_useful_information,'503643464899518464'
other_useful_information,'503643465667076096'
other_useful_information,'503643465729581056'
other_useful_information,'503643465792507904'
other_useful_information,'503643465826058240'
other_useful_information,'503643466073915393'
other_useful_information,'503643467160248320'
other_useful_information,'503643467869085696'
other_useful_information,'503643468510822400'
other_useful_information,'503643469228019712'
other_useful_information,'503643469982605312'
other_useful_information,'503643470628937728'
other_useful_information,'503643473178673152'
other_useful_information,'503643473434906624'
other_useful_information,'503643474768703489'
other_useful_information,'503643475544645632'
other_useful_information,'503643476899405824'
other_useful_information,'503643478166102017'
other_useful_information,'503643479025909761'
other_useful_information,'503643479734755329'
other_useful_information,'503643480372314112'
other_useful_information,'503643481244725248'
other_useful_information,'503643481328611328'
other_useful_information,'503643482029047808'
other_useful_information,'503643484646277121'
other_useful_information,'503643485035978752'
other_useful_information,'503643486516559872'
other_useful_information,'503643486835712000'
other_useful_information,'503643487531978752'
other_useful_information,'503643488219852800'
other_useful_information,'503643489037737984'
other_useful_information,'503643490316607488'
other_useful_information,'503643493286567936'
other_useful_information,'503643494846836736'
other_useful_information,'503643495815720960'
other_useful_information,'503643497426341888'
other_useful_information,'503643500576272384'
other_useful_information,'503643501255720961'
other_useful_information,'503643502606311426'
other_useful_information,'503643502723735553'
other_useful_information,'503643505026011136'
other_useful_information,'503643505336782848'
other_useful_information,'503643506141708288'
other_useful_information,'503643507215839235'
other_useful_information,'503643508537049091'
other_useful_information,'503643508549623808'
other_useful_information,'503643509052932097'
other_useful_information,'503643509929558016'
other_useful_information,'503643510911021056'
other_useful_information,'503643511355617280'
other_useful_information,'503643512467103744'
other_useful_information,'503643512932667393'
other_useful_information,'503643516174868480'
other_useful_information,'503643518922145792'
other_useful_information,'503643519719071746'
other_useful_information,'503643522986045440'
other_useful_information,'503643524487577600'
other_useful_information,'503643527101034497'
other_useful_information,'503643527746949120'
other_useful_information,'503643528447016960'
other_useful_information,'503643528732221440'
other_useful_information,'503643529324036097'
other_useful_information,'503643529382748163'
other_useful_information,'503643529697320960'
other_useful_information,'503643532541046784'
other_useful_information,'503643535057227776'
other_useful_information,'503643536106196992'
other_useful_information,'503643536836026369'
other_useful_information,'503643537385467904'
other_useful_information,'503643537536069633'
other_useful_information,'503643538194579457'
other_useful_information,'503643538752815106'
other_useful_information,'503643541625917441'
other_useful_information,'503643543739826176'
other_useful_information,'503643544436113409'
other_useful_information,'503643545958641664'
other_useful_information,'503643548093526016'
other_useful_information,'503643549695741953'
other_useful_information,'503643549879918592'
other_useful_information,'503643551813877760'
other_useful_information,'503643553999126528'
other_useful_information,'503643559577550848'
other_useful_information,'503643561511112706'
other_useful_information,'503643561804709889'
other_useful_information,'503643564698767361'
other_useful_information,'503643568888881152'
other_useful_information,'503643569333104641'
other_useful_information,'503643571535114241'
other_useful_information,'503643572307255296'
other_useful_information,'503643578287935488'
other_useful_information,'503643579034501120'
other_useful_information,'503643580552839168'
other_useful_information,'503643583069839360'
other_useful_information,'503643584055476225'
other_useful_information,'503643594729598976'
other_useful_information,'503643595816316928'
other_useful_information,'503643596424503298'
other_useful_information,'503643596894273537'
other_useful_information,'503643597259157504'
other_useful_information,'503643599188545536'
other_useful_information,'503643603986419712'
other_useful_information,'503643604774961152'
other_useful_information,'503643606926630912'
other_useful_information,'503643611486248961'
other_useful_information,'503643613780516865'
other_useful_information,'503643614669725696'
other_useful_information,'503643618041528320'
other_useful_information,'503643618096058368'
other_useful_information,'503643619707068416'
other_useful_information,'503643620315258880'
other_useful_information,'503643620587896832'
other_useful_information,'503643622198083584'
other_useful_information,'503643639562911746'
other_useful_information,'503643644180824064'
other_useful_information,'503643644684161025'
other_useful_information,'503643649591476224'
other_useful_information,'503643650224451584'
other_useful_information,'503643652628180992'
other_useful_information,'503643656939520000'
other_useful_information,'503643659682594816'
other_useful_information,'503643664015712256'
other_useful_information,'503643665416208384'
other_useful_information,'503643675730407424'
other_useful_information,'503643676950921216'
other_useful_information,'503643682860716032'
other_useful_information,'503643683015888896'
other_useful_information,'503643686182596609'
other_useful_information,'503643692176269312'
other_useful_information,'503643693186695168'
other_useful_information,'503643703249235968'
other_useful_information,'503643705635381248'
other_useful_information,'503643711733891072'
other_useful_information,'503643715987337216'
other_useful_information,'503643716465086464'
other_useful_information,'503643717480087552'
other_useful_information,'503643719061757952'
other_useful_information,'503643720466845696'
other_useful_information,'503643727491907584'
other_useful_information,'503643729505579009'
other_useful_information,'503643730877100032'
other_useful_information,'503643731745320961'
other_useful_information,'503643732810289152'
other_useful_information,'503643733296824321'
other_useful_information,'503643738468798465'
other_useful_information,'503643741270183936'
other_useful_information,'503643742516301827'
other_useful_information,'503643751806676992'
other_useful_information,'503643753245331456'
other_useful_information,'503643757494161408'
other_useful_information,'503643759050260480'
other_useful_information,'503643762690514944'
other_useful_information,'503643766679695361'
other_useful_information,'503643770974633985'
other_useful_information,'503643773385969664'
other_useful_information,'503643776183959553'
other_useful_information,'503643777039204352'
other_useful_information,'503643779036098560'
other_useful_information,'503643780327546880'
other_useful_information,'503643784585158656'
other_useful_information,'503643785759182848'
other_useful_information,'503643789136003073'
other_useful_information,'503643789202694144'
other_useful_information,'503643795020582912'
other_useful_information,'503643797088002048'
other_useful_information,'503643798929670145'
other_useful_information,'503643799029956608'
other_useful_information,'503643799323541504'
other_useful_information,'503643800926183424'
other_useful_information,'503643801093558272'
other_useful_information,'503643803308539904'
other_useful_information,'503643806013857793'
other_useful_information,'503643808144572416'
other_useful_information,'503643809310593024'
other_useful_information,'503643809591615488'
other_useful_information,'503643811290304512'
other_useful_information,'503643812518838272'
other_useful_information,'503643814330769408'
other_useful_information,'503643817929879552'
other_useful_information,'503643821817602048'
other_useful_information,'503643822073446400'
other_useful_information,'503643822812057600'
other_useful_information,'503643826050052096'
other_useful_information,'503643828897591296'
other_useful_information,'503643832324726785'
other_useful_information,'503643832387661825'
other_useful_information,'503643843078942720'
other_useful_information,'503643849370386432'
other_useful_information,'503643850775494656'
other_useful_information,'503643851643686912'
other_useful_information,'503643855715958785'
other_useful_information,'503643863077380096'
other_useful_information,'503643866767966209'
other_useful_information,'503643868315676672'
other_useful_information,'503643870563794944'
other_useful_information,'503643873353007104'
other_useful_information,'503643874674630656'
other_useful_information,'503643883377410048'
other_useful_information,'503643885600784386'
other_useful_information,'503643888968814592'
other_useful_information,'503643889648287749'
other_useful_information,'503643893536022529'
other_useful_information,'503643894794715136'
other_useful_information,'503643895666720768'
other_useful_information,'503643896413696000'
other_useful_information,'503643898431164416'
other_useful_information,'503643903762104320'
other_useful_information,'503643904017985536'
other_useful_information,'503643908338102273'
other_useful_information,'503643908438786050'
other_useful_information,'503643910522933248'
other_useful_information,'503643913240854529'
other_useful_information,'503643916055224320'
other_useful_information,'503643916131131393'
other_useful_information,'503643917770694656'
other_useful_information,'503643917884338176'
other_useful_information,'503643920752852992'
other_useful_information,'503643920757047296'
other_useful_information,'503643923940532224'
other_useful_information,'503643926922674176'
other_useful_information,'503643927124406273'
other_useful_information,'503643928902770688'
other_useful_information,'503643931125374977'
other_useful_information,'503643931720966144'
other_useful_information,'503643945352835073'
other_useful_information,'503643946795274242'
other_useful_information,'503643956341522432'
other_useful_information,'503643956790308864'
other_useful_information,'503643958866477057'
other_useful_information,'503643962994069506'
other_useful_information,'503643965791293440'
other_useful_information,'503643966890180608'
other_useful_information,'503643968786427905'
other_useful_information,'503643972275671040'
other_useful_information,'503643972418297856'
other_useful_information,'503643972485406721'
other_useful_information,'503643978647240706'
other_useful_information,'503643979280175105'
other_useful_information,'503643985429024768'
other_useful_information,'503643987576909825'
other_useful_information,'503643987710713856'
other_useful_information,'503643992878088192'
other_useful_information,'503643994145181697'
other_useful_information,'503643994338103296'
other_useful_information,'503643995013001216'
other_useful_information,'503643995265048576'
other_useful_information,'503643996170633216'
other_useful_information,'503643997458292739'
other_useful_information,'503644001996918785'
other_useful_information,'503644002768678912'
other_useful_information,'503644002986389504'
other_useful_information,'503644008120188928'
other_useful_information,'503644008313143296'
other_useful_information,'503644015145676800'
other_useful_information,'503644018006183936'
other_useful_information,'503644024654548992'
other_useful_information,'503644029440229376'
other_useful_information,'503644038831288320'
other_useful_information,'503644041737560064'
other_useful_information,'503644043213942784'
other_useful_information,'503644043637555200'
other_useful_information,'503644046397816832'
other_useful_information,'503644047853223936'
other_useful_information,'503644047882207232'
other_useful_information,'503644049543135232'
other_useful_information,'503644053590654976'
other_useful_information,'503644057068130305'
other_useful_information,'503644058087350272'
other_useful_information,'503644063934218242'
other_useful_information,'503644069201846273'
other_useful_information,'503644069546164225'
other_useful_information,'503644070481108992'
other_useful_information,'503644073044238336'
other_useful_information,'503644073287512065'
other_useful_information,'503644073950216193'
other_useful_information,'503644078500618241'
other_useful_information,'503644079373025280'
other_useful_information,'503644079729565697'
other_useful_information,'503644084377235456'
other_useful_information,'503644087715917824'
other_useful_information,'503644088433139712'
other_useful_information,'503644089158733825'
other_useful_information,'503644098805235712'
other_useful_information,'503644107936645121'
other_useful_information,'503644108943286272'
other_useful_information,'503644108968452096'
other_useful_information,'503644114521317376'
other_useful_information,'503644116974989313'
other_useful_information,'503644118883389440'
other_useful_information,'503644119919759360'
other_useful_information,'503644130908844033'
other_useful_information,'503644134280663041'
other_useful_information,'503644135610273792'
other_useful_information,'503644137904537601'
other_useful_information,'503644141117390848'
other_useful_information,'503644141675233280'
other_useful_information,'503644146587168768'
other_useful_information,'503644148122263552'
other_useful_information,'503644148667518976'
other_useful_information,'503644149069795328'
other_useful_information,'503644158310248448'
other_useful_information,'503644160419586048'
other_useful_information,'503644161346904064'
other_useful_information,'503644163556925440'
other_useful_information,'503644165029519360'
other_useful_information,'503644166480732160'
other_useful_information,'503644172688318468'
other_useful_information,'503644172889636864'
other_useful_information,'503644176043360256'
other_useful_information,'503644177398132736'
other_useful_information,'503644177523957761'
other_useful_information,'503644178912669696'
other_useful_information,'503644180090859520'
other_useful_information,'503644180917125121'
other_useful_information,'503644182255132672'
other_useful_information,'503644185384083457'
other_useful_information,'503644185564442624'
other_useful_information,'503644185904574465'
other_useful_information,'503644187628040192'
other_useful_information,'503644188479483904'
other_useful_information,'503644189704196096'
other_useful_information,'503644192552546304'
other_useful_information,'503644193776865280'
other_useful_information,'503644196771610624'
other_useful_information,'503644199523086336'
other_useful_information,'503644202568527872'
other_useful_information,'503644202719514624'
other_useful_information,'503644205428662272'
other_useful_information,'503644208289173504'
other_useful_information,'503644209430409217'
other_useful_information,'503644213381050368'
other_useful_information,'503644219425050626'
other_useful_information,'503644220419502080'
other_useful_information,'503644221182472192'
other_useful_information,'503644221547368450'
other_useful_information,'503644223959097344'
other_useful_information,'503644227314532352'
other_useful_information,'503644228748980225'
other_useful_information,'503644237460557824'
other_useful_information,'503644237851025410'
other_useful_information,'503644239285088256'
other_useful_information,'503644239549706240'
other_useful_information,'503644240522391552'
other_useful_information,'503644243462995968'
other_useful_information,'503644245648211968'
other_useful_information,'503644250945634305'
other_useful_information,'503644255660048385'
other_useful_information,'503644257757188096'
other_useful_information,'503644270889553921'
other_useful_information,'503644271745183744'
other_useful_information,'503644274143924225'
other_useful_information,'503644281131634688'
other_useful_information,'503644281265868800'
other_useful_information,'503644282818150401'
other_useful_information,'503644288383987712'
other_useful_information,'503644289059258370'
other_useful_information,'503644292863508480'
other_useful_information,'503644293819797504'
other_useful_information,'503644298731339776'
other_useful_information,'503644306461048832'
other_useful_information,'503644306469830659'
other_useful_information,'503644307715555330'
other_useful_information,'503644312651829248'
other_useful_information,'503644312979009536'
other_useful_information,'503644316535758848'
other_useful_information,'503644319153004544'
other_useful_information,'503644320629784577'
other_useful_information,'503644322643054592'
other_useful_information,'503644323577991168'
other_useful_information,'503644328359505920'
other_useful_information,'503644329316196352'
other_useful_information,'503644329446240256'
other_useful_information,'503644334093512704'
other_useful_information,'503644336656228352'
other_useful_information,'503644340049440769'
other_useful_information,'503644342263640064'
other_useful_information,'503644346517049344'
other_useful_information,'503644355383787520'
other_useful_information,'503644356340105217'
other_useful_information,'503644361213505536'
other_useful_information,'503644364451487744'
other_useful_information,'503644366645522432'
other_useful_information,'503644366863212544'
other_useful_information,'503644367522123776'
other_useful_information,'503644368847118336'
other_useful_information,'503644370474926081'
other_useful_information,'503644377227350016'
other_useful_information,'503644391723257857'
other_useful_information,'503644396223729665'
other_useful_information,'503644401327804416'
other_useful_information,'503644402170863616'
other_useful_information,'503644405014593538'
other_useful_information,'503644409343512576'
other_useful_information,'503644410933178368'
other_useful_information,'503644414531481600'
other_useful_information,'503644414762180608'
other_useful_information,'503644423079464961'
other_useful_information,'503644424845283328'
other_useful_information,'503644434924179456'
other_useful_information,'503644440154501121'
other_useful_information,'503644442969251840'
other_useful_information,'503644443690676224'
other_useful_information,'503644444071976960'
other_useful_information,'503644449210384384'
other_useful_information,'503644450779054081'
other_useful_information,'503644451453935616'
other_useful_information,'503644459582517248'
other_useful_information,'503644466885193728'
other_useful_information,'503644468520960000'
other_useful_information,'503644469913059329'
other_useful_information,'503644473336008704'
other_useful_information,'503644477454819328'
other_useful_information,'503644482189807617'
other_useful_information,'503644486975516673'
other_useful_information,'503644487789182977'
other_useful_information,'503644490792701953'
other_useful_information,'503644496748617729'
other_useful_information,'503644497306480640'
other_useful_information,'503644502104752128'
other_useful_information,'503644526792433664'
other_useful_information,'503644526943436801'
other_useful_information,'503644528180756480'
other_useful_information,'503644536997150721'
other_useful_information,'503644540729708545'
other_useful_information,'503644543757996032'
other_useful_information,'503644544932384769'
other_useful_information,'503644545926430720'
other_useful_information,'503644565925277697'
other_useful_information,'503644566751150080'
other_useful_information,'503644568236343296'
other_useful_information,'503644568831553536'
other_useful_information,'503644579875540992'
other_useful_information,'503644579979993088'
other_useful_information,'503644582069161984'
other_useful_information,'503644585428791297'
other_useful_information,'503644587693711360'
other_useful_information,'503644601220362240'
other_useful_information,'503644601396523008'
other_useful_information,'503644602268909568'
other_useful_information,'503644606492184576'
other_useful_information,'503644606844502016'
other_useful_information,'503644606907826176'
other_useful_information,'503644608815845376'
other_useful_information,'503644609709215744'
other_useful_information,'503644610485571584'
other_useful_information,'503644613996208130'
other_useful_information,'503644616592076800'
other_useful_information,'503644617267761152'
other_useful_information,'503644617825615872'
other_useful_information,'503644620166017024'
other_useful_information,'503644630089732097'
other_useful_information,'503644632618528768'
other_useful_information,'503644638914174976'
other_useful_information,'503644639228723200'
other_useful_information,'503644644321013761'
other_useful_information,'503644644480000000'
other_useful_information,'503644656337301504'
other_useful_information,'503644662780157954'
other_useful_information,'503644663526354944'
other_useful_information,'503644673442078720'
other_useful_information,'503644673454645248'
other_useful_information,'503644676289617920'
other_useful_information,'503644678437482496'
other_useful_information,'503644680853000192'
other_useful_information,'503644681037570049'
other_useful_information,'503644681402859520'
other_useful_information,'503644686452809728'
other_useful_information,'503644688490852352'
other_useful_information,'503644688641826816'
other_useful_information,'503644689266782208'
other_useful_information,'503644691124871168'
other_useful_information,'503644691167211520'
other_useful_information,'503644693922869248'
other_useful_information,'503644694174515200'
other_useful_information,'503644694295769088'
other_useful_information,'503644694476488704'
other_useful_information,'503644701619019777'
other_useful_information,'503644704689647617'
other_useful_information,'503644705117065216'
other_useful_information,'503644706006249472'
other_useful_information,'503644706106900480'
other_useful_information,'503644708564783105'
other_useful_information,'503644709202305024'
other_useful_information,'503644709525274624'
other_useful_information,'503644709768941572'
other_useful_information,'503644710951714816'
other_useful_information,'503644713699004416'
other_useful_information,'503644720166604800'
other_useful_information,'503644720724074496'
other_useful_information,'503644726734516224'
other_useful_information,'503644735618428929'
other_useful_information,'503644737815851009'
other_useful_information,'503644742358667265'
other_useful_information,'503644744199573504'
other_useful_information,'503644745160073216'
other_useful_information,'503644746485886976'
other_useful_information,'503644749648384000'
other_useful_information,'503644751912923136'
other_useful_information,'503644764307468288'
other_useful_information,'503644768836927488'
other_useful_information,'503644770728947712'
other_useful_information,'503644788868931584'
other_useful_information,'503644790429200384'
other_useful_information,'503644799472136192'
other_useful_information,'503644800235483136'
other_useful_information,'503644800789123073'
other_useful_information,'503644800944336896'
other_useful_information,'503644805130223616'
other_useful_information,'503644805583228928'
other_useful_information,'503644805650333696'
other_useful_information,'503644807839748096'
other_useful_information,'503644808070447104'
other_useful_information,'503644808523829250'
other_useful_information,'503644810020782081'
other_useful_information,'503644817264742400'
other_useful_information,'503644821521567744'
other_useful_information,'503644827422965760'
other_useful_information,'503644834150617088'
other_useful_information,'503644834826313729'
other_useful_information,'503644837883940864'
other_useful_information,'503644841272950785'
other_useful_information,'503644843243876353'
other_useful_information,'503644849225351169'
other_useful_information,'503644856569577476'
other_useful_information,'503644869458677761'
other_useful_information,'503644869500227584'
other_useful_information,'503644876115017728'
other_useful_information,'503644884822425600'
other_useful_information,'503644885753143296'
other_useful_information,'503644885908750336'
other_useful_information,'503644890576609281'
other_useful_information,'503644890841235456'
other_useful_information,'503644898449293312'
other_useful_information,'503644902493011968'
other_useful_information,'503644902702325760'
other_useful_information,'503644902946013184'
other_useful_information,'503644907635245058'
other_useful_information,'503644909392646144'
other_useful_information,'503644910386704384'
other_useful_information,'503644912894500865'
other_useful_information,'503644916732682240'
other_useful_information,'503644917210423296'
other_useful_information,'503644918146158593'
other_useful_information,'503644922080395264'
other_useful_information,'503644932251594752'
other_useful_information,'503644933316542464'
other_useful_information,'503644933589184512'
other_useful_information,'503644936390987776'
other_useful_information,'503644942896336896'
other_useful_information,'503644943202525184'
other_useful_information,'503644944230129665'
other_useful_information,'503644945605881856'
other_useful_information,'503644945614262272'
other_useful_information,'503644946109181952'
other_useful_information,'503644947191304194'
other_useful_information,'503644948411850752'
other_useful_information,'503644948411871232'
other_useful_information,'503644949083357184'
other_useful_information,'503644950676787201'
other_useful_information,'503644952065085440'
other_useful_information,'503644952686260224'
other_useful_information,'503644953478565888'
other_useful_information,'503644958251679744'
other_useful_information,'503644959132499968'
other_useful_information,'503644959665188865'
other_useful_information,'503644963507556352'
other_useful_information,'503644966124408832'
other_useful_information,'503644971879002112'
other_useful_information,'503644972176777216'
other_useful_information,'503644975889133568'
other_useful_information,'503644978183413761'
other_useful_information,'503644983019446272'
other_useful_information,'503644998386982912'
other_useful_information,'503644998412554240'
other_useful_information,'503645004322312192'
other_useful_information,'503645005290823681'
other_useful_information,'503645005349527552'
other_useful_information,'503645006327209984'
other_useful_information,'503645011096117248'
other_useful_information,'503645015633973248'
other_useful_information,'503645017693777920'
other_useful_information,'503645018138361856'
other_useful_information,'503645021330235393'
other_useful_information,'503645022244200448'
other_useful_information,'503645023275991040'
other_useful_information,'503645028930306048'
other_useful_information,'503645030117310465'
other_useful_information,'503645030679330817'
other_useful_information,'503645036760666112'
other_useful_information,'503645041294704640'
other_useful_information,'503645042398208000'
other_useful_information,'503645043010584576'
other_useful_information,'503645043538657280'
other_useful_information,'503645044575064064'
other_useful_information,'503645045082570752'
other_useful_information,'503645055320485888'
other_useful_information,'503645056050290688'
other_useful_information,'503645057656700928'
other_useful_information,'503645060307484673'
other_useful_information,'503645064124305408'
other_useful_information,'503645067576217600'
other_useful_information,'503645067932733440'
other_useful_information,'503645074740084736'
other_useful_information,'503645074786222080'
other_useful_information,'503645076942102528'
other_useful_information,'503645077357350912'
other_useful_information,'503645080565977088'
other_useful_information,'503645085934694400'
other_useful_information,'503645088283496448'
other_useful_information,'503645089164296192'
other_useful_information,'503645094181085185'
other_useful_information,'503645095695233025'
other_useful_information,'503645098551558144'
other_useful_information,'503645099423973376'
other_useful_information,'503645102318034944'
other_useful_information,'503645102385143809'
other_useful_information,'503645108689207296'
other_useful_information,'503645116276293632'
other_useful_information,'503645117094182912'
other_useful_information,'503645117404553216'
other_useful_information,'503645121712492544'
other_useful_information,'503645123133964288'
other_useful_information,'503645131342229504'
other_useful_information,'503645131883286528'
other_useful_information,'503645136426119168'
other_useful_information,'503645139160428544'
other_useful_information,'503645147146383360'
other_useful_information,'503645153534693377'
other_useful_information,'503645159536738306'
other_useful_information,'503645161138565120'
other_useful_information,'503645169993129984'
other_useful_information,'503645170466684928'
other_useful_information,'503645172102889472'
other_useful_information,'503645172240891904'
other_useful_information,'503645174350614528'
other_useful_information,'503645175265361920'
other_useful_information,'503645175319912450'
other_useful_information,'503645175696990208'
other_useful_information,'503645178906050561'
other_useful_information,'503645180017524736'
other_useful_information,'503645185629097984'
other_useful_information,'503645191329554433'
other_useful_information,'503645196156805120'
other_useful_information,'503645202007851008'
other_useful_information,'503645203572346880'
other_useful_information,'503645207590486017'
other_useful_information,'503645212208427008'
other_useful_information,'503645213274165250'
other_useful_information,'503645214926307328'
other_useful_information,'503645217619054592'
other_useful_information,'503645218063654912'
other_useful_information,'503645219276226561'
other_useful_information,'503645219670085632'
other_useful_information,'503645222186668032'
other_useful_information,'503645223998599168'
other_useful_information,'503645225214951424'
other_useful_information,'503645225948958720'
other_useful_information,'503645226192236544'
other_useful_information,'503645228130004992'
other_useful_information,'503645228687831040'
other_useful_information,'503645228948279296'
other_useful_information,'503645231967772672'
other_useful_information,'503645232697974784'
other_useful_information,'503645233746165760'
other_useful_information,'503645235767816192'
other_useful_information,'503645237776875520'
other_useful_information,'503645238435807232'
other_useful_information,'503645242206478338'
other_useful_information,'503645243351515136'
other_useful_information,'503645244035186689'
other_useful_information,'503645245003677696'
other_useful_information,'503645245373169664'
other_useful_information,'503645245855129600'
other_useful_information,'503645247868383232'
other_useful_information,'503645250242375680'
other_useful_information,'503645251727556609'
other_useful_information,'503645255720124416'
other_useful_information,'503645260845944832'
other_useful_information,'503645260937842689'
other_useful_information,'503645262175567872'
other_useful_information,'503645263764811776'
other_useful_information,'503645264377176064'
other_useful_information,'503645264503005184'
other_useful_information,'503645270446702593'
other_useful_information,'503645271562412032'
other_useful_information,'503645274342838272'
other_useful_information,'503645275429163008'
other_useful_information,'503645277354721280'
other_useful_information,'503645279057223680'
other_useful_information,'503645279711539200'
other_useful_information,'503645281628352512'
other_useful_information,'503645285700997120'
other_useful_information,'503645288754470915'
other_useful_information,'503645289987600385'
other_useful_information,'503645291586015232'
other_useful_information,'503645292990722048'
other_useful_information,'503645294601330690'
other_useful_information,'503645296157421568'
other_useful_information,'503645297457635328'
other_useful_information,'503645297600249856'
other_useful_information,'503645301727444994'
other_useful_information,'503645301886832640'
other_useful_information,'503645302092341248'
other_useful_information,'503645305246470144'
other_useful_information,'503645308975194113'
other_useful_information,'503645313564155906'
other_useful_information,'503645316239745024'
other_useful_information,'503645317535780864'
other_useful_information,'503645322162499584'
other_useful_information,'503645323101626368'
other_useful_information,'503645323730751489'
other_useful_information,'503645323957248001'
other_useful_information,'503645327107190784'
other_useful_information,'503645328252219392'
other_useful_information,'503645328793288704'
other_useful_information,'503645334414049280'
other_useful_information,'503645336129515521'
other_useful_information,'503645336758669312'
other_useful_information,'503645338574417920'
other_useful_information,'503645340801564672'
other_useful_information,'503645346053234689'
other_useful_information,'503645347264995328'
other_useful_information,'503645353531695105'
other_useful_information,'503645356207665152'
other_useful_information,'503645363069542401'
other_useful_information,'503645368001634304'
other_useful_information,'503645368626597889'
other_useful_information,'503645369356402688'
other_useful_information,'503645369927237632'
other_useful_information,'503645371428384768'
other_useful_information,'503645375886938112'
other_useful_information,'503645376532848640'
other_useful_information,'503645379263352832'
other_useful_information,'503645380752338944'
other_useful_information,'503645383499993088'
other_useful_information,'503645387539107843'
other_useful_information,'503645388520181760'
other_useful_information,'503645388830560256'
other_useful_information,'503645392248922112'
other_useful_information,'503645393997946880'
other_useful_information,'503645413422145538'
other_useful_information,'503645413787049984'
other_useful_information,'503645418459103232'
other_useful_information,'503645419121803264'
other_useful_information,'503645423005757442'
other_useful_information,'503645426122113024'
other_useful_information,'503645427162296321'
other_useful_information,'503645428135374848'
other_useful_information,'503645429058109440'
other_useful_information,'503645429217492992'
other_useful_information,'503645429960290304'
other_useful_information,'503645433244426240'
other_useful_information,'503645436129714176'
other_useful_information,'503645436498833408'
other_useful_information,'503645439120248832'
other_useful_information,'503645439766568962'
other_useful_information,'503645439795548160'
other_useful_information,'503645442614497280'
other_useful_information,'503645445563105280'
other_useful_information,'503645445629833216'
other_useful_information,'503645446498430976'
other_useful_information,'503645447341092864'
other_useful_information,'503645448134201344'
other_useful_information,'503645453695471616'
other_useful_information,'503645453766778880'
other_useful_information,'503645456820617217'
other_useful_information,'503645457156169728'
other_useful_information,'503645457252233216'
other_useful_information,'503645457663283200'
other_useful_information,'503645459177820161'
other_useful_information,'503645460280528896'
other_useful_information,'503645461266169856'
other_useful_information,'503645461924687872'
other_useful_information,'503645462520266753'
other_useful_information,'503645464181604353'
other_useful_information,'503645468845293568'
other_useful_information,'503645469482827778'
other_useful_information,'503645469784813568'
other_useful_information,'503645470896316416'
other_useful_information,'503645471664254976'
other_useful_information,'503645475493265408'
other_useful_information,'503645476860616705'
other_useful_information,'503645477410062336'
other_useful_information,'503645477456187394'
other_useful_information,'503645479951794176'
other_useful_information,'503645481780510720'
other_useful_information,'503645484104167424'
other_useful_information,'503645489569742849'
other_useful_information,'503645490143952897'
other_useful_information,'503645498415513600'
other_useful_information,'503645502538149888'
other_useful_information,'503645506975719424'
other_useful_information,'503645515951923202'
other_useful_information,'503645520946941952'
other_useful_information,'503645522566320128'
other_useful_information,'503645525250699264'
other_useful_information,'503645532242194432'
other_useful_information,'503645538504671232'
other_useful_information,'503645540542738432'
other_useful_information,'503645549178785792'
other_useful_information,'503645551435333634'
other_useful_information,'503645557525852160'
other_useful_information,'503645560142708736'
other_useful_information,'503645560868323329'
other_useful_information,'503645562223468544'
other_useful_information,'503645565100781568'
other_useful_information,'503645566127988736'
other_useful_information,'503645568540106753'
other_useful_information,'503645568942747648'
other_useful_information,'503645572113661953'
other_useful_information,'503645574256533504'
other_useful_information,'503645574503997441'
other_useful_information,'503645576542433280'
other_useful_information,'503645576563412992'
other_useful_information,'503645577717235712'
other_useful_information,'503645578874847232'
other_useful_information,'503645591570620416'
other_useful_information,'503645592837312512'
other_useful_information,'503645593088978944'
other_useful_information,'503645593705529344'
other_useful_information,'503645594326282240'
other_useful_information,'503645595437780992'
other_useful_information,'503645597266874368'
other_useful_information,'503645598365790208'
other_useful_information,'503645598680363010'
other_useful_information,'503645598935822336'
other_useful_information,'503645599250804736'
other_useful_information,'503645601436024833'
other_useful_information,'503645602358362112'
other_useful_information,'503645608411140097'
other_useful_information,'503645613250981888'
other_useful_information,'503645621493190657'
other_useful_information,'503645628732170240'
other_useful_information,'503645632381214721'
other_useful_information,'503645633329508354'
other_useful_information,'503645634092867584'
other_useful_information,'503645294601330690'
other_useful_information,'503644658325397504'
other_useful_information,'503644907635245058'
other_useful_information,'503644073044238336'
injured_or_dead_people,'503642977588494337'
injured_or_dead_people,'503642985167609856'
injured_or_dead_people,'503643004759195650'
injured_or_dead_people,'503643009817128960'
injured_or_dead_people,'503643016653860864'
injured_or_dead_people,'503643019653181440'
injured_or_dead_people,'503643039764860932'
injured_or_dead_people,'503643050128592896'
injured_or_dead_people,'503643054327484418'
injured_or_dead_people,'503643062913212416'
injured_or_dead_people,'503643063450083328'
injured_or_dead_people,'503643105485004800'
injured_or_dead_people,'503643109620588544'
injured_or_dead_people,'503643117648486400'
injured_or_dead_people,'503643131624292352'
injured_or_dead_people,'503643158748880896'
injured_or_dead_people,'503643169402003456'
injured_or_dead_people,'503643169524047873'
injured_or_dead_people,'503643187903488000'
injured_or_dead_people,'503643197919469568'
injured_or_dead_people,'503643204156006400'
injured_or_dead_people,'503643205280468992'
injured_or_dead_people,'503643227074080768'
injured_or_dead_people,'503643233834893313'
injured_or_dead_people,'503643236267982850'
injured_or_dead_people,'503643256409030657'
injured_or_dead_people,'503643260590759936'
injured_or_dead_people,'503643261315985408'
injured_or_dead_people,'503643274196684800'
injured_or_dead_people,'503643276335779840'
injured_or_dead_people,'503643280475582464'
injured_or_dead_people,'503643294573006849'
injured_or_dead_people,'503643296577880064'
injured_or_dead_people,'503643305352372224'
injured_or_dead_people,'503643308460347392'
injured_or_dead_people,'503643311337639936'
injured_or_dead_people,'503643354677407744'
injured_or_dead_people,'503643355990220800'
injured_or_dead_people,'503643361254047744'
injured_or_dead_people,'503643452748615681'
injured_or_dead_people,'503643458708717568'
injured_or_dead_people,'503643460726173696'
injured_or_dead_people,'503643464047681536'
injured_or_dead_people,'503643472654393344'
injured_or_dead_people,'503643482456457216'
injured_or_dead_people,'503643482733682688'
injured_or_dead_people,'503643489742385152'
injured_or_dead_people,'503643512160923649'
injured_or_dead_people,'503643514505527297'
injured_or_dead_people,'503643518276206593'
injured_or_dead_people,'503643541068062720'
injured_or_dead_people,'503643542393487360'
injured_or_dead_people,'503643542690856960'
injured_or_dead_people,'503643554573344768'
injured_or_dead_people,'503643597041061888'
injured_or_dead_people,'503643612609921024'
injured_or_dead_people,'503643640447905792'
injured_or_dead_people,'503643661129629696'
injured_or_dead_people,'503643663868514304'
injured_or_dead_people,'503643668725903360'
injured_or_dead_people,'503643673335054336'
injured_or_dead_people,'503643674799255552'
injured_or_dead_people,'503643676518543360'
injured_or_dead_people,'503643678305300480'
injured_or_dead_people,'503643683426533376'
injured_or_dead_people,'503643687889272832'
injured_or_dead_people,'503643726351450112'
injured_or_dead_people,'503643740633038850'
injured_or_dead_people,'503643743879065600'
injured_or_dead_people,'503643818466754562'
injured_or_dead_people,'503643820433489920'
injured_or_dead_people,'503643823474749440'
injured_or_dead_people,'503643844811169792'
injured_or_dead_people,'503643867632386048'
injured_or_dead_people,'503643877115703296'
injured_or_dead_people,'503643888913874945'
injured_or_dead_people,'503643893108183040'
injured_or_dead_people,'503643902763876354'
injured_or_dead_people,'503643927090446337'
injured_or_dead_people,'503643932387864576'
injured_or_dead_people,'503643941300756480'
injured_or_dead_people,'503643955871748096'
injured_or_dead_people,'503643956630933504'
injured_or_dead_people,'503643962377510912'
injured_or_dead_people,'503643971193544704'
injured_or_dead_people,'503643972284055552'
injured_or_dead_people,'503643997181472768'
injured_or_dead_people,'503644015841918977'
injured_or_dead_people,'503644038017597440'
injured_or_dead_people,'503644081982304256'
injured_or_dead_people,'503644089212891136'
injured_or_dead_people,'503644096649756673'
injured_or_dead_people,'503644109480136704'
injured_or_dead_people,'503644118711828480'
injured_or_dead_people,'503644166467751936'
injured_or_dead_people,'503644183417339905'
injured_or_dead_people,'503644275419402240'
injured_or_dead_people,'503644282931007488'
injured_or_dead_people,'503644291101900800'
injured_or_dead_people,'503644309884002306'
injured_or_dead_people,'503644311721111554'
injured_or_dead_people,'503644337721188352'
injured_or_dead_people,'503644353479204864'
injured_or_dead_people,'503644369497645057'
injured_or_dead_people,'503644384563568640'
injured_or_dead_people,'503644401730867201'
injured_or_dead_people,'503644405366935553'
injured_or_dead_people,'503644412271144960'
injured_or_dead_people,'503644421070798848'
injured_or_dead_people,'503644432663863296'
injured_or_dead_people,'503644448799346691'
injured_or_dead_people,'503644458899243008'
injured_or_dead_people,'503644463944589312'
injured_or_dead_people,'503644479622873090'
injured_or_dead_people,'503644484316712961'
injured_or_dead_people,'503644486044745729'
injured_or_dead_people,'503644489786085378'
injured_or_dead_people,'503644491148840960'
injured_or_dead_people,'503644502687768576'
injured_or_dead_people,'503644512636637185'
injured_or_dead_people,'503644523646316544'
injured_or_dead_people,'503644549353598976'
injured_or_dead_people,'503644562342940672'
injured_or_dead_people,'503644569360019456'
injured_or_dead_people,'503644572572864512'
injured_or_dead_people,'503644573189410816'
injured_or_dead_people,'503644573672157184'
injured_or_dead_people,'503644582610206720'
injured_or_dead_people,'503644597940416512'
injured_or_dead_people,'503644602549555200'
injured_or_dead_people,'503644620551913473'
injured_or_dead_people,'503644652084678656'
injured_or_dead_people,'503644686846681088'
injured_or_dead_people,'503644703825612800'
injured_or_dead_people,'503644712352239616'
injured_or_dead_people,'503644714562617344'
injured_or_dead_people,'503644740609654784'
injured_or_dead_people,'503644742194712576'
injured_or_dead_people,'503644767159218176'
injured_or_dead_people,'503644771429412864'
injured_or_dead_people,'503644800814309376'
injured_or_dead_people,'503644801926184960'
injured_or_dead_people,'503644802907254784'
injured_or_dead_people,'503644817197645825'
injured_or_dead_people,'503644819009187842'
injured_or_dead_people,'503644852752752641'
injured_or_dead_people,'503644867747012609'
injured_or_dead_people,'503644873950756865'
injured_or_dead_people,'503644896930959360'
injured_or_dead_people,'503644897623408640'
injured_or_dead_people,'503644904850219008'
injured_or_dead_people,'503644905345134592'
injured_or_dead_people,'503644917617283073'
injured_or_dead_people,'503644939255676928'
injured_or_dead_people,'503644948949123072'
injured_or_dead_people,'503644950995537920'
injured_or_dead_people,'503644966342512642'
injured_or_dead_people,'503644974479470592'
injured_or_dead_people,'503644986257440768'
injured_or_dead_people,'503645012358619136'
injured_or_dead_people,'503645057157586944'
injured_or_dead_people,'503645124019384320'
injured_or_dead_people,'503645138435182592'
injured_or_dead_people,'503645179807416320'
injured_or_dead_people,'503645195380879360'
injured_or_dead_people,'503645199026106368'
injured_or_dead_people,'503645207355592704'
injured_or_dead_people,'503645208383201281'
injured_or_dead_people,'503645212426514432'
injured_or_dead_people,'503645225009426432'
injured_or_dead_people,'503645225126883328'
injured_or_dead_people,'503645238447988736'
injured_or_dead_people,'503645239966306306'
injured_or_dead_people,'503645242944663552'
injured_or_dead_people,'503645243539861504'
injured_or_dead_people,'503645251769081856'
injured_or_dead_people,'503645257804689409'
injured_or_dead_people,'503645283457064960'
injured_or_dead_people,'503645300506914816'
injured_or_dead_people,'503645301450625024'
injured_or_dead_people,'503645310875226113'
injured_or_dead_people,'503645316743458816'
injured_or_dead_people,'503645336154689537'
injured_or_dead_people,'503645339211952128'
injured_or_dead_people,'503645362125414400'
injured_or_dead_people,'503645371340312576'
injured_or_dead_people,'503645372590219265'
injured_or_dead_people,'503645373379125248'
injured_or_dead_people,'503645394384191488'
injured_or_dead_people,'503645407654998016'
injured_or_dead_people,'503645414235856896'
injured_or_dead_people,'503645420875423746'
injured_or_dead_people,'503645436838952960'
injured_or_dead_people,'503645438495694848'
injured_or_dead_people,'503645448754962434'
injured_or_dead_people,'503645450226765824'
injured_or_dead_people,'503645460574531584'
injured_or_dead_people,'503645463133052928'
injured_or_dead_people,'503645466220052480'
injured_or_dead_people,'503645478781583360'
injured_or_dead_people,'503645505541652480'
injured_or_dead_people,'503645537238003713'
injured_or_dead_people,'503645554635976704'
injured_or_dead_people,'503645555440877569'
injured_or_dead_people,'503645556736925697'
injured_or_dead_people,'503645561388806144'
injured_or_dead_people,'503645564257705984'
injured_or_dead_people,'503645567587999744'
injured_or_dead_people,'503645582893019137'
injured_or_dead_people,'503645585032085508'
injured_or_dead_people,'503645594053664769'
injured_or_dead_people,'503645605353095169'
injured_or_dead_people,'503645608499228673'
injured_or_dead_people,'503645628363067392'
injured_or_dead_people,'503645632322895872'
injured_or_dead_people,'503645585032085508'
injured_or_dead_people,'503643131624292352'
infrastructure_and_utilities_damage,'503642976976113664'
infrastructure_and_utilities_damage,'503642979429388288'
infrastructure_and_utilities_damage,'503642992541171712'
infrastructure_and_utilities_damage,'503643001185636352'
infrastructure_and_utilities_damage,'503643013852463104'
infrastructure_and_utilities_damage,'503643027076694016'
infrastructure_and_utilities_damage,'503643033016233985'
infrastructure_and_utilities_damage,'503643045305516033'
infrastructure_and_utilities_damage,'503643073335685120'
infrastructure_and_utilities_damage,'503643077836546048'
infrastructure_and_utilities_damage,'503643096601858048'
infrastructure_and_utilities_damage,'503643100204773377'
infrastructure_and_utilities_damage,'503643105338216448'
infrastructure_and_utilities_damage,'503643112363671552'
infrastructure_and_utilities_damage,'503643137663725568'
infrastructure_and_utilities_damage,'503643144148099072'
infrastructure_and_utilities_damage,'503643146115223552'
infrastructure_and_utilities_damage,'503643149776875521'
infrastructure_and_utilities_damage,'503643156358115328'
infrastructure_and_utilities_damage,'503643156668096513'
infrastructure_and_utilities_damage,'503643159239622656'
infrastructure_and_utilities_damage,'503643168324071424'
infrastructure_and_utilities_damage,'503643191061401601'
infrastructure_and_utilities_damage,'503643191531167744'
infrastructure_and_utilities_damage,'503643194832060417'
infrastructure_and_utilities_damage,'503643202125955073'
infrastructure_and_utilities_damage,'503643208169967616'
infrastructure_and_utilities_damage,'503643214180392961'
infrastructure_and_utilities_damage,'503643216084602880'
infrastructure_and_utilities_damage,'503643218714439680'
infrastructure_and_utilities_damage,'503643229460262912'
infrastructure_and_utilities_damage,'503643245361242112'
infrastructure_and_utilities_damage,'503643259571167232'
infrastructure_and_utilities_damage,'503643266764374016'
infrastructure_and_utilities_damage,'503643278441324544'
infrastructure_and_utilities_damage,'503643278697189378'
infrastructure_and_utilities_damage,'503643279083061248'
infrastructure_and_utilities_damage,'503643280400453633'
infrastructure_and_utilities_damage,'503643284174929920'
infrastructure_and_utilities_damage,'503643288612913153'
infrastructure_and_utilities_damage,'503643289317552128'
infrastructure_and_utilities_damage,'503643298918334465'
infrastructure_and_utilities_damage,'503643302147915777'
infrastructure_and_utilities_damage,'503643309622181889'
infrastructure_and_utilities_damage,'503643309903183873'
infrastructure_and_utilities_damage,'503643317330903040'
infrastructure_and_utilities_damage,'503643321412378624'
infrastructure_and_utilities_damage,'503643323236904961'
infrastructure_and_utilities_damage,'503643324017020928'
infrastructure_and_utilities_damage,'503643327632519168'
infrastructure_and_utilities_damage,'503643330543357952'
infrastructure_and_utilities_damage,'503643330551775232'
infrastructure_and_utilities_damage,'503643337199718400'
infrastructure_and_utilities_damage,'503643340228014081'
infrastructure_and_utilities_damage,'503643341205299200'
infrastructure_and_utilities_damage,'503643343151448065'
infrastructure_and_utilities_damage,'503643343197577216'
infrastructure_and_utilities_damage,'503643346938523649'
infrastructure_and_utilities_damage,'503643353146064896'
infrastructure_and_utilities_damage,'503643357688500225'
infrastructure_and_utilities_damage,'503643359794434049'
infrastructure_and_utilities_damage,'503643362075742208'
infrastructure_and_utilities_damage,'503643363632226304'
infrastructure_and_utilities_damage,'503643366446608384'
infrastructure_and_utilities_damage,'503643451465162752'
infrastructure_and_utilities_damage,'503643452324581376'
infrastructure_and_utilities_damage,'503643453633613825'
infrastructure_and_utilities_damage,'503643471262285824'
infrastructure_and_utilities_damage,'503643471304216577'
infrastructure_and_utilities_damage,'503643472080171008'
infrastructure_and_utilities_damage,'503643485493559299'
infrastructure_and_utilities_damage,'503643486076538881'
infrastructure_and_utilities_damage,'503643489956290560'
infrastructure_and_utilities_damage,'503643491143282688'
infrastructure_and_utilities_damage,'503643494725197824'
infrastructure_and_utilities_damage,'503643497426350081'
infrastructure_and_utilities_damage,'503643499808718850'
infrastructure_and_utilities_damage,'503643501943615488'
infrastructure_and_utilities_damage,'503643503726178305'
infrastructure_and_utilities_damage,'503643517907111936'
infrastructure_and_utilities_damage,'503643521807831041'
infrastructure_and_utilities_damage,'503643524840308737'
infrastructure_and_utilities_damage,'503643525712736256'
infrastructure_and_utilities_damage,'503643526375407616'
infrastructure_and_utilities_damage,'503643533647949825'
infrastructure_and_utilities_damage,'503643535044653056'
infrastructure_and_utilities_damage,'503643535112163328'
infrastructure_and_utilities_damage,'503643536747954177'
infrastructure_and_utilities_damage,'503643538081726464'
infrastructure_and_utilities_damage,'503643548894658560'
infrastructure_and_utilities_damage,'503643549456273409'
infrastructure_and_utilities_damage,'503643553608646657'
infrastructure_and_utilities_damage,'503643557849477120'
infrastructure_and_utilities_damage,'503643561116450816'
infrastructure_and_utilities_damage,'503643566883622913'
infrastructure_and_utilities_damage,'503643589922926592'
infrastructure_and_utilities_damage,'503643591114493952'
infrastructure_and_utilities_damage,'503643599293386752'
infrastructure_and_utilities_damage,'503643600719052801'
infrastructure_and_utilities_damage,'503643618423234561'
infrastructure_and_utilities_damage,'503643645094801408'
infrastructure_and_utilities_damage,'503643652053143553'
infrastructure_and_utilities_damage,'503643652841672704'
infrastructure_and_utilities_damage,'503643657137041409'
infrastructure_and_utilities_damage,'503643668272529408'
infrastructure_and_utilities_damage,'503643675214499840'
infrastructure_and_utilities_damage,'503643676560863233'
infrastructure_and_utilities_damage,'503643678821605376'
infrastructure_and_utilities_damage,'503643678993174528'
infrastructure_and_utilities_damage,'503643683267571712'
infrastructure_and_utilities_damage,'503643684785487873'
infrastructure_and_utilities_damage,'503643685691858944'
infrastructure_and_utilities_damage,'503643693455134720'
infrastructure_and_utilities_damage,'503643697981169664'
infrastructure_and_utilities_damage,'503643712430542848'
infrastructure_and_utilities_damage,'503643717891149824'
infrastructure_and_utilities_damage,'503643737126223872'
infrastructure_and_utilities_damage,'503643739836133376'
infrastructure_and_utilities_damage,'503643741609926656'
infrastructure_and_utilities_damage,'503643746777722881'
infrastructure_and_utilities_damage,'503643770739781633'
infrastructure_and_utilities_damage,'503643771175960577'
infrastructure_and_utilities_damage,'503643773973168128'
infrastructure_and_utilities_damage,'503643774996996096'
infrastructure_and_utilities_damage,'503643775164350465'
infrastructure_and_utilities_damage,'503643777651974144'
infrastructure_and_utilities_damage,'503643781603028994'
infrastructure_and_utilities_damage,'503643799101657088'
infrastructure_and_utilities_damage,'503643800208547840'
infrastructure_and_utilities_damage,'503643804860424192'
infrastructure_and_utilities_damage,'503643806239956993'
infrastructure_and_utilities_damage,'503643808349687808'
infrastructure_and_utilities_damage,'503643824581656576'
infrastructure_and_utilities_damage,'503643829656768512'
infrastructure_and_utilities_damage,'503643838406479872'
infrastructure_and_utilities_damage,'503643842865020928'
infrastructure_and_utilities_damage,'503643865962651648'
infrastructure_and_utilities_damage,'503643868022075392'
infrastructure_and_utilities_damage,'503643876461400064'
infrastructure_and_utilities_damage,'503643878986350592'
infrastructure_and_utilities_damage,'503643887169454081'
infrastructure_and_utilities_damage,'503643897088991232'
infrastructure_and_utilities_damage,'503643903191302145'
infrastructure_and_utilities_damage,'503643903879163904'
infrastructure_and_utilities_damage,'503643907797032960'
infrastructure_and_utilities_damage,'503643923596599296'
infrastructure_and_utilities_damage,'503643924410675200'
infrastructure_and_utilities_damage,'503643929275662338'
infrastructure_and_utilities_damage,'503643930035257345'
infrastructure_and_utilities_damage,'503643952122048512'
infrastructure_and_utilities_damage,'503643958304862209'
infrastructure_and_utilities_damage,'503643966202712065'
infrastructure_and_utilities_damage,'503643969842974721'
infrastructure_and_utilities_damage,'503643974800666624'
infrastructure_and_utilities_damage,'503643974880329729'
infrastructure_and_utilities_damage,'503643976075726848'
infrastructure_and_utilities_damage,'503643979783471104'
infrastructure_and_utilities_damage,'503643987295473666'
infrastructure_and_utilities_damage,'503644000981491712'
infrastructure_and_utilities_damage,'503644006048206848'
infrastructure_and_utilities_damage,'503644013212073984'
infrastructure_and_utilities_damage,'503644018488905728'
infrastructure_and_utilities_damage,'503644030333231105'
infrastructure_and_utilities_damage,'503644070153969665'
infrastructure_and_utilities_damage,'503644085807501313'
infrastructure_and_utilities_damage,'503644088042659840'
infrastructure_and_utilities_damage,'503644095705653248'
infrastructure_and_utilities_damage,'503644097018486784'
infrastructure_and_utilities_damage,'503644112520630272'
infrastructure_and_utilities_damage,'503644125586259968'
infrastructure_and_utilities_damage,'503644125733089280'
infrastructure_and_utilities_damage,'503644131374014464'
infrastructure_and_utilities_damage,'503644132137762816'
infrastructure_and_utilities_damage,'503644148734251008'
infrastructure_and_utilities_damage,'503644161162346498'
infrastructure_and_utilities_damage,'503644171606192128'
infrastructure_and_utilities_damage,'503644183811592192'
infrastructure_and_utilities_damage,'503644190933536768'
infrastructure_and_utilities_damage,'503644197799591936'
infrastructure_and_utilities_damage,'503644198424551424'
infrastructure_and_utilities_damage,'503644231257165824'
infrastructure_and_utilities_damage,'503644232402599937'
infrastructure_and_utilities_damage,'503644240346218497'
infrastructure_and_utilities_damage,'503644244599640064'
infrastructure_and_utilities_damage,'503644248898404352'
infrastructure_and_utilities_damage,'503644276144631808'
infrastructure_and_utilities_damage,'503644288169676800'
infrastructure_and_utilities_damage,'503644290451394560'
infrastructure_and_utilities_damage,'503644296403103744'
infrastructure_and_utilities_damage,'503644299352080384'
infrastructure_and_utilities_damage,'503644301885456384'
infrastructure_and_utilities_damage,'503644304427216896'
infrastructure_and_utilities_damage,'503644311737475073'
infrastructure_and_utilities_damage,'503644311993729024'
infrastructure_and_utilities_damage,'503644318478118912'
infrastructure_and_utilities_damage,'503644328280223745'
infrastructure_and_utilities_damage,'503644329508749312'
infrastructure_and_utilities_damage,'503644329835892736'
infrastructure_and_utilities_damage,'503644348828090368'
infrastructure_and_utilities_damage,'503644355513442304'
infrastructure_and_utilities_damage,'503644370873368577'
infrastructure_and_utilities_damage,'503644385117216768'
infrastructure_and_utilities_damage,'503644405916770304'
infrastructure_and_utilities_damage,'503644425935781888'
infrastructure_and_utilities_damage,'503644497948192768'
infrastructure_and_utilities_damage,'503644510682091520'
infrastructure_and_utilities_damage,'503644541371822080'
infrastructure_and_utilities_damage,'503644541397004288'
infrastructure_and_utilities_damage,'503644562016178177'
infrastructure_and_utilities_damage,'503644565354455040'
infrastructure_and_utilities_damage,'503644566180745217'
infrastructure_and_utilities_damage,'503644566856015873'
infrastructure_and_utilities_damage,'503644571130396672'
infrastructure_and_utilities_damage,'503644613278568448'
infrastructure_and_utilities_damage,'503644625840914433'
infrastructure_and_utilities_damage,'503644638142799872'
infrastructure_and_utilities_damage,'503644648129441792'
infrastructure_and_utilities_damage,'503644659944419328'
infrastructure_and_utilities_damage,'503644665208246272'
infrastructure_and_utilities_damage,'503644676776161280'
infrastructure_and_utilities_damage,'503644677409865728'
infrastructure_and_utilities_damage,'503644695302393858'
infrastructure_and_utilities_damage,'503644702000705537'
infrastructure_and_utilities_damage,'503644719826472960'
infrastructure_and_utilities_damage,'503644760028884992'
infrastructure_and_utilities_damage,'503644780937895937'
infrastructure_and_utilities_damage,'503644784381415425'
infrastructure_and_utilities_damage,'503644786063331329'
infrastructure_and_utilities_damage,'503644790458961921'
infrastructure_and_utilities_damage,'503644802110341121'
infrastructure_and_utilities_damage,'503644802223587328'
infrastructure_and_utilities_damage,'503644818187116544'
infrastructure_and_utilities_damage,'503644841818206209'
infrastructure_and_utilities_damage,'503644845479837696'
infrastructure_and_utilities_damage,'503644851309928448'
infrastructure_and_utilities_damage,'503644873619435520'
infrastructure_and_utilities_damage,'503644895353905152'
infrastructure_and_utilities_damage,'503644903994171392'
infrastructure_and_utilities_damage,'503644906485997568'
infrastructure_and_utilities_damage,'503644914408636417'
infrastructure_and_utilities_damage,'503644918074843137'
infrastructure_and_utilities_damage,'503644918078660608'
infrastructure_and_utilities_damage,'503644920843079680'
infrastructure_and_utilities_damage,'503644930187993089'
infrastructure_and_utilities_damage,'503644931567935490'
infrastructure_and_utilities_damage,'503644938798522368'
infrastructure_and_utilities_damage,'503644943332556800'
infrastructure_and_utilities_damage,'503644943575826432'
infrastructure_and_utilities_damage,'503644949330415617'
infrastructure_and_utilities_damage,'503644950525775872'
infrastructure_and_utilities_damage,'503644955743485952'
infrastructure_and_utilities_damage,'503644955756486656'
infrastructure_and_utilities_damage,'503644956016115712'
infrastructure_and_utilities_damage,'503644966082461696'
infrastructure_and_utilities_damage,'503644975788089344'
infrastructure_and_utilities_damage,'503644991239909376'
infrastructure_and_utilities_damage,'503644995216506880'
infrastructure_and_utilities_damage,'503644998840352768'
infrastructure_and_utilities_damage,'503645007547346944'
infrastructure_and_utilities_damage,'503645013793062912'
infrastructure_and_utilities_damage,'503645019048534016'
infrastructure_and_utilities_damage,'503645024949530624'
infrastructure_and_utilities_damage,'503645030742233088'
infrastructure_and_utilities_damage,'503645050656419840'
infrastructure_and_utilities_damage,'503645071443382272'
infrastructure_and_utilities_damage,'503645072370327552'
infrastructure_and_utilities_damage,'503645076828848128'
infrastructure_and_utilities_damage,'503645094462124032'
infrastructure_and_utilities_damage,'503645107367591936'
infrastructure_and_utilities_damage,'503645129983660032'
infrastructure_and_utilities_damage,'503645139735445504'
infrastructure_and_utilities_damage,'503645170760683523'
infrastructure_and_utilities_damage,'503645198652428289'
infrastructure_and_utilities_damage,'503645200183730177'
infrastructure_and_utilities_damage,'503645201173200897'
infrastructure_and_utilities_damage,'503645217510019073'
infrastructure_and_utilities_damage,'503645222136725504'
infrastructure_and_utilities_damage,'503645223369465856'
infrastructure_and_utilities_damage,'503645225659957249'
infrastructure_and_utilities_damage,'503645230139052032'
infrastructure_and_utilities_damage,'503645236933824513'
infrastructure_and_utilities_damage,'503645237722361857'
infrastructure_and_utilities_damage,'503645238645518338'
infrastructure_and_utilities_damage,'503645271398416384'
infrastructure_and_utilities_damage,'503645272086282240'
infrastructure_and_utilities_damage,'503645279900278784'
infrastructure_and_utilities_damage,'503645282987679744'
infrastructure_and_utilities_damage,'503645285948481536'
infrastructure_and_utilities_damage,'503645288246939649'
infrastructure_and_utilities_damage,'503645289408765952'
infrastructure_and_utilities_damage,'503645289597919232'
infrastructure_and_utilities_damage,'503645293653409792'
infrastructure_and_utilities_damage,'503645305863430144'
infrastructure_and_utilities_damage,'503645308270567424'
infrastructure_and_utilities_damage,'503645309701218304'
infrastructure_and_utilities_damage,'503645320010805249'
infrastructure_and_utilities_damage,'503645322972000256'
infrastructure_and_utilities_damage,'503645323323920385'
infrastructure_and_utilities_damage,'503645323970224130'
infrastructure_and_utilities_damage,'503645325853093889'
infrastructure_and_utilities_damage,'503645330986913792'
infrastructure_and_utilities_damage,'503645331720912896'
infrastructure_and_utilities_damage,'503645340306644992'
infrastructure_and_utilities_damage,'503645346132922369'
infrastructure_and_utilities_damage,'503645351069626370'
infrastructure_and_utilities_damage,'503645353824899072'
infrastructure_and_utilities_damage,'503645362532270080'
infrastructure_and_utilities_damage,'503645366018113536'
infrastructure_and_utilities_damage,'503645367934918656'
infrastructure_and_utilities_damage,'503645372145999873'
infrastructure_and_utilities_damage,'503645380249018368'
infrastructure_and_utilities_damage,'503645382249697280'
infrastructure_and_utilities_damage,'503645383231172608'
infrastructure_and_utilities_damage,'503645383856103424'
infrastructure_and_utilities_damage,'503645387882647552'
infrastructure_and_utilities_damage,'503645400704630784'
infrastructure_and_utilities_damage,'503645401270845440'
infrastructure_and_utilities_damage,'503645420803735552'
infrastructure_and_utilities_damage,'503645420900196352'
infrastructure_and_utilities_damage,'503645428378648576'
infrastructure_and_utilities_damage,'503645436997955585'
infrastructure_and_utilities_damage,'503645441301311489'
infrastructure_and_utilities_damage,'503645447869591552'
infrastructure_and_utilities_damage,'503645450608836608'
infrastructure_and_utilities_damage,'503645457923321856'
infrastructure_and_utilities_damage,'503645462318964736'
infrastructure_and_utilities_damage,'503645463703068672'
infrastructure_and_utilities_damage,'503645475396808704'
infrastructure_and_utilities_damage,'503645478945161216'
infrastructure_and_utilities_damage,'503645486427803648'
infrastructure_and_utilities_damage,'503645486490730497'
infrastructure_and_utilities_damage,'503645486927335424'
infrastructure_and_utilities_damage,'503645495689224193'
infrastructure_and_utilities_damage,'503645498298097664'
infrastructure_and_utilities_damage,'503645514395828224'
infrastructure_and_utilities_damage,'503645521039593472'
infrastructure_and_utilities_damage,'503645524558233600'
infrastructure_and_utilities_damage,'503645528794873856'
infrastructure_and_utilities_damage,'503645554526519296'
infrastructure_and_utilities_damage,'503645559949758464'
infrastructure_and_utilities_damage,'503645562982658049'
infrastructure_and_utilities_damage,'503645591839072257'
infrastructure_and_utilities_damage,'503645594926469120'
infrastructure_and_utilities_damage,'503645595232264192'
infrastructure_and_utilities_damage,'503645618774880256'
infrastructure_and_utilities_damage,'503645633190715392'
infrastructure_and_utilities_damage,'503645634167980032'
infrastructure_and_utilities_damage,'503644719826472960'
infrastructure_and_utilities_damage,'503645072370327552'
infrastructure_and_utilities_damage,'503645331720912896'
infrastructure_and_utilities_damage,'503644006048206848'
caution_and_advice,'503642998832242689'
caution_and_advice,'503643040171700225'
caution_and_advice,'503643136636506112'
caution_and_advice,'503643187034853376'
caution_and_advice,'503643196661174272'
caution_and_advice,'503643206219624450'
caution_and_advice,'503643287706931201'
caution_and_advice,'503643295218958338'
caution_and_advice,'503643300877058049'
caution_and_advice,'503643307684421632'
caution_and_advice,'503643317704212480'
caution_and_advice,'503643321248395264'
caution_and_advice,'503643325715730432'
caution_and_advice,'503643332229480448'
caution_and_advice,'503643344946601984'
caution_and_advice,'503643349954613248'
caution_and_advice,'503643357495963648'
caution_and_advice,'503643359668604928'
caution_and_advice,'503643365217693697'
caution_and_advice,'503643365850628097'
caution_and_advice,'503643453419311104'
caution_and_advice,'503643472445071361'
caution_and_advice,'503643542464774144'
caution_and_advice,'503643550391603200'
caution_and_advice,'503643564375416832'
caution_and_advice,'503643746211090432'
caution_and_advice,'503643797319069696'
caution_and_advice,'503643864641835009'
caution_and_advice,'503643961693458432'
caution_and_advice,'503643977132687360'
caution_and_advice,'503643984355291136'
caution_and_advice,'503643998171299840'
caution_and_advice,'503644022628294656'
caution_and_advice,'503644038965493760'
caution_and_advice,'503644054538964992'
caution_and_advice,'503644061811875840'
caution_and_advice,'503644091477790720'
caution_and_advice,'503644096565874688'
caution_and_advice,'503644160033689600'
caution_and_advice,'503644241713586176'
caution_and_advice,'503644266871394304'
caution_and_advice,'503644280439570432'
caution_and_advice,'503644288501436416'
caution_and_advice,'503644297900875777'
caution_and_advice,'503644356839211009'
caution_and_advice,'503644361541050368'
caution_and_advice,'503644369065218049'
caution_and_advice,'503644405480181760'
caution_and_advice,'503644457938747392'
caution_and_advice,'503644464368189440'
caution_and_advice,'503644474556551170'
caution_and_advice,'503644595591192577'
caution_and_advice,'503644627405381632'
caution_and_advice,'503644636414767105'
caution_and_advice,'503644654781222912'
caution_and_advice,'503644698402361344'
caution_and_advice,'503644746452303872'
caution_and_advice,'503644798335877122'
caution_and_advice,'503644848533278721'
caution_and_advice,'503644949011644416'
caution_and_advice,'503644949418500097'
caution_and_advice,'503644950668402688'
caution_and_advice,'503644952845234177'
caution_and_advice,'503644962341134337'
caution_and_advice,'503644993727516672'
caution_and_advice,'503645050627035136'
caution_and_advice,'503645058110083072'
caution_and_advice,'503645075163717632'
caution_and_advice,'503645085654089728'
caution_and_advice,'503645103496638464'
caution_and_advice,'503645226565517312'
caution_and_advice,'503645249034387456'
caution_and_advice,'503645250091757568'
caution_and_advice,'503645254772203521'
caution_and_advice,'503645293867302912'
caution_and_advice,'503645382816301057'
caution_and_advice,'503645420472397824'
caution_and_advice,'503645454006222848'
caution_and_advice,'503645494879338496'
caution_and_advice,'503645513145929728'
caution_and_advice,'503645519529263104'
caution_and_advice,'503645582171193345'
caution_and_advice,'503645610197544960'
caution_and_advice,'503645632952041472'
sympathy_and_emotional_support,'503642988522647552'
sympathy_and_emotional_support,'503643031367467008'
sympathy_and_emotional_support,'503643042926977025'
sympathy_and_emotional_support,'503643081066184704'
sympathy_and_emotional_support,'503643164834803712'
sympathy_and_emotional_support,'503643171775983616'
sympathy_and_emotional_support,'503643190864257024'
sympathy_and_emotional_support,'503643210892464128'
sympathy_and_emotional_support,'503643216424357888'
sympathy_and_emotional_support,'503643323173969920'
sympathy_and_emotional_support,'503643335857569792'
sympathy_and_emotional_support,'503643360381652992'
sympathy_and_emotional_support,'503643365771341825'
sympathy_and_emotional_support,'503643474122788864'
sympathy_and_emotional_support,'503643486923403264'
sympathy_and_emotional_support,'503643514321002498'
sympathy_and_emotional_support,'503643517512851456'
sympathy_and_emotional_support,'503643528455790592'
sympathy_and_emotional_support,'503643529621823488'
sympathy_and_emotional_support,'503643543164829696'
sympathy_and_emotional_support,'503643571254075393'
sympathy_and_emotional_support,'503643697834389505'
sympathy_and_emotional_support,'503643728863436800'
sympathy_and_emotional_support,'503643740553375744'
sympathy_and_emotional_support,'503643746265997312'
sympathy_and_emotional_support,'503643757338578944'
sympathy_and_emotional_support,'503643778063007744'
sympathy_and_emotional_support,'503643779262205953'
sympathy_and_emotional_support,'503643823260442624'
sympathy_and_emotional_support,'503643835709157376'
sympathy_and_emotional_support,'503643836417986561'
sympathy_and_emotional_support,'503643852734222337'
sympathy_and_emotional_support,'503643880383070210'
sympathy_and_emotional_support,'503643900154621952'
sympathy_and_emotional_support,'503643965292150784'
sympathy_and_emotional_support,'503643967553282050'
sympathy_and_emotional_support,'503643989992407040'
sympathy_and_emotional_support,'503643990122442752'
sympathy_and_emotional_support,'503644044174454784'
sympathy_and_emotional_support,'503644061048528898'
sympathy_and_emotional_support,'503644146390024192'
sympathy_and_emotional_support,'503644198797864960'
sympathy_and_emotional_support,'503644199095644160'
sympathy_and_emotional_support,'503644217101398016'
sympathy_and_emotional_support,'503644225930805248'
sympathy_and_emotional_support,'503644233723826176'
sympathy_and_emotional_support,'503644292657606657'
sympathy_and_emotional_support,'503644307719720961'
sympathy_and_emotional_support,'503644314262851584'
sympathy_and_emotional_support,'503644518689013762'
sympathy_and_emotional_support,'503644573906653184'
sympathy_and_emotional_support,'503644574019907584'
sympathy_and_emotional_support,'503644609839632384'
sympathy_and_emotional_support,'503644613216047105'
sympathy_and_emotional_support,'503644622220836864'
sympathy_and_emotional_support,'503644626788839424'
sympathy_and_emotional_support,'503644650767261696'
sympathy_and_emotional_support,'503644668484415488'
sympathy_and_emotional_support,'503644691049762817'
sympathy_and_emotional_support,'503644749790584833'
sympathy_and_emotional_support,'503644756967444482'
sympathy_and_emotional_support,'503644783903252481'
sympathy_and_emotional_support,'503644818472726530'
sympathy_and_emotional_support,'503644883698319360'
sympathy_and_emotional_support,'503644904904720384'
sympathy_and_emotional_support,'503644914593198080'
sympathy_and_emotional_support,'503644946587721730'
sympathy_and_emotional_support,'503644959237758976'
sympathy_and_emotional_support,'503645114619551744'
sympathy_and_emotional_support,'503645162233290752'
sympathy_and_emotional_support,'503645170060259328'
sympathy_and_emotional_support,'503645174958804992'
sympathy_and_emotional_support,'503645286942515200'
sympathy_and_emotional_support,'503645299886530562'
sympathy_and_emotional_support,'503645354873458688'
sympathy_and_emotional_support,'503645379494027264'
sympathy_and_emotional_support,'503645426260525056'
sympathy_and_emotional_support,'503645556787646464'
sympathy_and_emotional_support,'503645562932314113'
sympathy_and_emotional_support,'503645611871051776'
sympathy_and_emotional_support,'503645622046453760'
sympathy_and_emotional_support,'503645626454646785'
sympathy_and_emotional_support,'503644609839632384'
missing_trapped_or_found_people,'503643506100150274'
missing_trapped_or_found_people,'503643509292023808'
missing_trapped_or_found_people,'503644789611708416'
missing_trapped_or_found_people,'503644961011945472'
missing_trapped_or_found_people,'503645560398569472'
missing_trapped_or_found_people,'503645631055790080'
displaced_people_and_evacuations,'503643727294779392'
displaced_people_and_evacuations,'503643780265046016'
displaced_people_and_evacuations,'503644034372751360'
displaced_people_and_evacuations,'503644429195173888'
not_related_or_irrelevant,'503642996584513536'
not_related_or_irrelevant,'503643003508883458'
not_related_or_irrelevant,'503643045867188224'
not_related_or_irrelevant,'503643074514272256'
not_related_or_irrelevant,'503643113793933312'
not_related_or_irrelevant,'503643126683009025'
not_related_or_irrelevant,'503643158580690944'
not_related_or_irrelevant,'503643171327602689'
not_related_or_irrelevant,'503643175466983425'
not_related_or_irrelevant,'503643192734916608'
not_related_or_irrelevant,'503643209671925761'
not_related_or_irrelevant,'503643214998282241'
not_related_or_irrelevant,'503643216952844288'
not_related_or_irrelevant,'503643218278240256'
not_related_or_irrelevant,'503643219885031424'
not_related_or_irrelevant,'503643220949991424'
not_related_or_irrelevant,'503643221218824192'
not_related_or_irrelevant,'503643253875286016'
not_related_or_irrelevant,'503643271743037441'
not_related_or_irrelevant,'503643274926518272'
not_related_or_irrelevant,'503643285572055042'
not_related_or_irrelevant,'503643304790360065'
not_related_or_irrelevant,'503643306291896320'
not_related_or_irrelevant,'503643306971398144'
not_related_or_irrelevant,'503643307071639552'
not_related_or_irrelevant,'503643312063258625'
not_related_or_irrelevant,'503643315548323840'
not_related_or_irrelevant,'503643338332180482'
not_related_or_irrelevant,'503643339187830784'
not_related_or_irrelevant,'503643342585233408'
not_related_or_irrelevant,'503643344644239360'
not_related_or_irrelevant,'503643345496047616'
not_related_or_irrelevant,'503643352106299392'
not_related_or_irrelevant,'503643364827598848'
not_related_or_irrelevant,'503643460797485056'
not_related_or_irrelevant,'503643462370328576'
not_related_or_irrelevant,'503643463125311488'
not_related_or_irrelevant,'503643466531102720'
not_related_or_irrelevant,'503643476207337472'
not_related_or_irrelevant,'503643477683752961'
not_related_or_irrelevant,'503643483442532353'
not_related_or_irrelevant,'503643485418037249'
not_related_or_irrelevant,'503643493961838592'
not_related_or_irrelevant,'503643499137609728'
not_related_or_irrelevant,'503643504493731840'
not_related_or_irrelevant,'503643516883709952'
not_related_or_irrelevant,'503643521140928512'
not_related_or_irrelevant,'503643546604544000'
not_related_or_irrelevant,'503643551025348609'
not_related_or_irrelevant,'503643551138607105'
not_related_or_irrelevant,'503643570721394688'
not_related_or_irrelevant,'503643605521944576'
not_related_or_irrelevant,'503643624622391296'
not_related_or_irrelevant,'503643664539607041'
not_related_or_irrelevant,'503643666070921216'
not_related_or_irrelevant,'503643672244928512'
not_related_or_irrelevant,'503643677437464577'
not_related_or_irrelevant,'503643681493360641'
not_related_or_irrelevant,'503643681866264576'
not_related_or_irrelevant,'503643692591095808'
not_related_or_irrelevant,'503643730239180800'
not_related_or_irrelevant,'503643734299648002'
not_related_or_irrelevant,'503643751961874432'
not_related_or_irrelevant,'503643767325605888'
not_related_or_irrelevant,'503643771553067008'
not_related_or_irrelevant,'503643778687963136'
not_related_or_irrelevant,'503643782391136256'
not_related_or_irrelevant,'503643789513474049'
not_related_or_irrelevant,'503643796781801472'
not_related_or_irrelevant,'503643809515700224'
not_related_or_irrelevant,'503643812829216769'
not_related_or_irrelevant,'503643826582728704'
not_related_or_irrelevant,'503643868986744832'
not_related_or_irrelevant,'503643932417622016'
not_related_or_irrelevant,'503643950775681025'
not_related_or_irrelevant,'503643981469593600'
not_related_or_irrelevant,'503644015099916289'
not_related_or_irrelevant,'503644084435550208'
not_related_or_irrelevant,'503644086856077313'
not_related_or_irrelevant,'503644103439945728'
not_related_or_irrelevant,'503644121643225088'
not_related_or_irrelevant,'503644147933511680'
not_related_or_irrelevant,'503644162466795522'
not_related_or_irrelevant,'503644216137097217'
not_related_or_irrelevant,'503644220964356096'
not_related_or_irrelevant,'503644286819106816'
not_related_or_irrelevant,'503644311968178176'
not_related_or_irrelevant,'503644361478131716'
not_related_or_irrelevant,'503644404343513089'
not_related_or_irrelevant,'503644411298078721'
not_related_or_irrelevant,'503644412065615874'
not_related_or_irrelevant,'503644427584544769'
not_related_or_irrelevant,'503644453459218432'
not_related_or_irrelevant,'503644457259245568'
not_related_or_irrelevant,'503644475345088512'
not_related_or_irrelevant,'503644494013558784'
not_related_or_irrelevant,'503644502301892608'
not_related_or_irrelevant,'503644548925759488'
not_related_or_irrelevant,'503644553228713984'
not_related_or_irrelevant,'503644588301504512'
not_related_or_irrelevant,'503644609021374464'
not_related_or_irrelevant,'503644622409588736'
not_related_or_irrelevant,'503644658325397504'
not_related_or_irrelevant,'503644702839562241'
not_related_or_irrelevant,'503644715351556097'
not_related_or_irrelevant,'503644745047228417'
not_related_or_irrelevant,'503644758699290624'
not_related_or_irrelevant,'503644760515432448'
not_related_or_irrelevant,'503644839162826752'
not_related_or_irrelevant,'503644857777524736'
not_related_or_irrelevant,'503644909996220416'
not_related_or_irrelevant,'503644914849042432'
not_related_or_irrelevant,'503644931341041664'
not_related_or_irrelevant,'503644932838785025'
not_related_or_irrelevant,'503644960588333056'
not_related_or_irrelevant,'503644972344954880'
not_related_or_irrelevant,'503644977407483904'
not_related_or_irrelevant,'503644980775514112'
not_related_or_irrelevant,'503644988606259200'
not_related_or_irrelevant,'503645020247687168'
not_related_or_irrelevant,'503645053978705920'
not_related_or_irrelevant,'503645061850992640'
not_related_or_irrelevant,'503645086958096386'
not_related_or_irrelevant,'503645102347014144'
not_related_or_irrelevant,'503645108739526656'
not_related_or_irrelevant,'503645150564720640'
not_related_or_irrelevant,'503645155120144384'
not_related_or_irrelevant,'503645170315710464'
not_related_or_irrelevant,'503645219837857792'
not_related_or_irrelevant,'503645233540632577'
not_related_or_irrelevant,'503645235222573057'
not_related_or_irrelevant,'503645254386716672'
not_related_or_irrelevant,'503645294420951041'
not_related_or_irrelevant,'503645314301964288'
not_related_or_irrelevant,'503645315618967552'
not_related_or_irrelevant,'503645317905252352'
not_related_or_irrelevant,'503645330370723843'
not_related_or_irrelevant,'503645333855801345'
not_related_or_irrelevant,'503645363127869440'
not_related_or_irrelevant,'503645383617413121'
not_related_or_irrelevant,'503645393385582592'
not_related_or_irrelevant,'503645423370645504'
not_related_or_irrelevant,'503645429452771331'
not_related_or_irrelevant,'503645436360417280'
not_related_or_irrelevant,'503645445416304640'
not_related_or_irrelevant,'503645446917472257'
not_related_or_irrelevant,'503645475170312192'
not_related_or_irrelevant,'503645481524686849'
not_related_or_irrelevant,'503645493226795008'
not_related_or_irrelevant,'503645509622714369'
not_related_or_irrelevant,'503645531219197953'
not_related_or_irrelevant,'503645553603801088'
not_related_or_irrelevant,'503645559568498690'
not_related_or_irrelevant,'503645597153636355'
not_related_or_irrelevant,'503645609371246592'
not_related_or_irrelevant,'503645618384809984'
not_related_or_irrelevant,'503645627415154688'
